
<Window>
  <ComboItmeElement height="37" >
    <HorizontalLayout>
		<HorizontalLayout >
			<HorizontalLayout width="39"  name="2">
				<Control name="headpic" float="true" pos="9,6,0,0" width="25" height="25" bkimage="file='defaultuserHead.png'" />
			</HorizontalLayout>
			<HorizontalLayout inset="0,9,0,9" name="3">
				<Label  name="nickname" text=" who's your daddy" endellipsis="true" />
			</HorizontalLayout>
		</HorizontalLayout>
		<HorizontalLayout width="18" name="4">
			<Button name="deltebtn" float="true" pos="0,11,0,0"  height="16" width="16" normalimage="file='comboitemdeletebtn1.png'"
					hotimage="file='comboitemdeletebtn2.png'"
					pushedimage="file='comboitemdeletebtn1.png'" />
		</HorizontalLayout>
    </HorizontalLayout>
  </ComboItmeElement>
</Window>