<?xml version="1.0" encoding="utf-8" standalone="yes" ?>
<Window size="492,504"  mininfo="492,504" sizebox="4,4,4,4" roundcorner="5,5,5,5" caption="0,0,0,64">
  <Font name="微软雅黑" size="12" bold ="false" default="true" />
  <Font name="Aril" size="12" bold="false" /> 
  <Font name="微软雅黑" size="12" bold="true"/>
   <Font name="宋体" size="12" bold="true"/>
    <Default name="VScrollBar" value="width=&quot;9&quot; button1normalimage=&quot;file='scrollbar1.png' source='0,0,9,9'&quot; button1hotimage=&quot;file='scrollbar1.png' source='9,0,18,9'&quot; button1pushedimage=&quot;file='scrollbar1.png' source='18,0,27,9'&quot; button2normalimage=&quot;file='scrollbar1.png' source='0,27,9,36'&quot; button2hotimage=&quot;file='scrollbar1.png' source='9,27,18,36'&quot; button2pushedimage=&quot;file='scrollbar1.png' source='18,27,27,36'&quot; thumbnormalimage=&quot;file='scrollbar1.png' source='0,36,9,62' corner='0,4,0,4'&quot; thumbhotimage=&quot;file='scrollbar1.png' source='9,36,18,62' corner='0,4,0,4'&quot; thumbpushedimage=&quot;file='scrollbar1.png' source='18,36,27,62' corner='0,4,0,4'&quot; bknormalimage=&quot;file='scrollbar1.png' source='0,9,9,27'&quot;" />
    <HorizontalLayout name="bg" bkimage="file='bg.png' corner='590,290,1,1'" hole="true">
        <VerticalLayout name="border"  bkimage="file='border.png' corner='5,5,5,5'"  >
		
        <HorizontalLayout height="31" >
				<VerticalLayout width="30">
					<Control name="Imlogo" float="true" pos="6,6,0,0"  width="24" height="22" bkimage="file='logo.png'" />
				</VerticalLayout>
				<VerticalLayout inset="5,13,0,0">
					 <Label name="chatdlgtitle" text="与露露聊天中..." textcolor="#4676A7" font="2" />
				</VerticalLayout>
				<VerticalLayout padding="0,1,0,0" width="66">
						<Button name="minbtn" float="true" pos="0,0,0,0" width="29" height="16"  
								normalimage="file='minbtn1.png'"
								hotimage="file='minbtn2.png'"
								pushedimage="file='minbtn3.png'"  />
						<Button name="closebtn"  float="true" pos="29, 0, 0, 0" width="36" height="16"
								normalimage="file='closebtn1.png'" 
								hotimage="file='closebtn2.png'"
								pushedimage="file='closebtn3.png'"  />
					</VerticalLayout>
			</HorizontalLayout>
			
		<VerticalLayout inset="6,0,6,0">		
		<HorizontalLayout height="6" />
		<HorizontalLayout height="33" >
				<Button name="voicechatbtn" float="true" pos="3,0,0,0" width="33" height="33"
						bkimage="file='voicechatbtn.png'"
						normalimage="file='voicechatbtn.png'"
						hotimage="file='allbtn_over.png' corner='4,4,4,4'"
						pushedimage="file='allbtn_down.png'  corner='4,4,4,4'" />
				<Button name="filetranslatebtn" float="true" pos="53,0,0,0" width="33" height="33"
						bkimage="file='filetranslatebtn.png' corner" 
						normalimage="file='filetranslatebtn.png'"
						hotimage="file='allbtn_over.png'  corner='4,4,4,4'"
						pushedimage="file='allbtn_down.png'  corner='4,4,4,4'" />
			</HorizontalLayout>
		<HorizontalLayout height="8" />
		<HorizontalLayout  >
				<VerticalLayout   bkimage="file='chat_bg.png' corner='4,4,4,4'">
					<ChildLayout xmlfile="chatwindow.xml"  default="" type="xml" />
				</VerticalLayout>	
				<HorizontalLayout width="144" name="rightview" visible="true" >
					<VerticalLayout width="5" />
					<VerticalLayout  width="139" bkimage="file='chat_bg.png' corner='4,4,4,4'" inset="3,3,3,3">
						<Container   bkcolor="#FFFEFEFE">
							<Label text="" />
						</Container>
					</VerticalLayout>
				</HorizontalLayout>
				<HorizontalLayout name="msgrecordview" width="300"  visible="false"  >
					<VerticalLayout width="5" />
					<VerticalLayout bkimage="file='chat_bg.png' corner='4,4,4,4'" inset="3,3,3,0" >
						<HorizontalLayout>
							<RichEdit name="msgrecord_richedit" showhtml="true"  padding="0,4,2,4" multiline="true" vscrollbar="true" autovscroll="true" rich="true" readonly="true" />
						</HorizontalLayout>
						<HorizontalLayout height="25"  bkimage="msgrecordbarbg.png" >
							<DateTime name="datebtn" float="true" pos="90,2,0,0" width="120" height="21"  padding="2,0,0,0"  textcolor="#FF999999"
									/> <!-- bkimage="file='datebtn.png'" bkcolor="#FFE2E5EA" 
									normalimage="file='datebtn.png'"-->
							<Label name="datelabel" float="true" pos="149, 5,0,0"  width="80" height="16" text="2014-10-27" font="1" textcolor="#FF999999" visible="false"/>
							<Button name="tolastpage" float="true" pos="220,5,0,0" width="15" height="15" 
									bkimage="file='lastpagebtn.png' dest='2,2,13,13'"
									hotimage="file='msgrecordbtn_over.png' corner='3,3,3,3'"
									pushedimage="file='msgrecordbtn_click.png' corner='3,3,3,3'"
									
									/>
							<Button name="toleftbtn" float="true" pos="235,5,0,0" width="15" height="15"
									bkimage="file='toleftbtn.png' dest='2,2,13,13'" 
									hotimage="file='msgrecordbtn_over.png' corner='3,3,3,3'"
									pushedimage="file='msgrecordbtn_click.png' corner='3,3,3,3'" 
									
									/>
							<Button name="torightbtn" float="true" pos="257, 5,0,0" width="15" height="15" 
									bkimage="file='torightbtn_.png' dest='2,2,13,13'"
									hotimage="file='msgrecordbtn_over.png' corner='3,3,3,3'"
									pushedimage="file='msgrecordbtn_click.png' corner='3,3,3,3'" 
									enabled="false"
									/>
							<Button name="tofirstpage" float="true" pos="272, 5,0,0" width="15" height="15" 
									bkimage="file='firstpagebtn_.png' dest='2,2,13,13'"
									hotimage="file='msgrecordbtn_over.png' corner='3,3,3,3'"
									pushedimage="file='msgrecordbtn_click.png' corner='3,3,3,3'" 
									enabled="false"
									/>
						</HorizontalLayout>
					</VerticalLayout>
				</HorizontalLayout>
			</HorizontalLayout>
            
		  </VerticalLayout>
		  <HorizontalLayout  height="40" >
				<HorizontalLayout>
					<HorizontalLayout />
					<HorizontalLayout width="158">
						<Button name="closemsgbtn" text="关闭" float="true" pos="0,8,0,0" width="66" height="23"
								normalimage="file='chatboxbtn1.png' corner='4,4,4,4'"
								hotimage="file='chatboxbtn2.png' corner='4,4,4,4'"
								pushedimage="file='chatboxbtn3.png' corner='4,4,4,4'" />
						<Button name="sendmsgbtn" text="发送" float="true" pos="72,8,0,0" width="66" height="23"
								normalimage="file='chatboxbtn1.png' corner='4,4,4,4'"
								hotimage="file='chatboxbtn2.png' corner='4,4,4,4'"
								pushedimage="file='chatboxbtn3.png' corner='4,4,4,4'" />
					</HorizontalLayout>
				</HorizontalLayout>
				<HorizontalLayout width="13">
					<Control name="rightbottom" float="true" pos="0,27,0,0" width="11" height="11" bkimage="rightbottom.png"/>
				</HorizontalLayout>
			</HorizontalLayout>
        </VerticalLayout>
    </HorizontalLayout>
</Window>
