﻿	<?xml version="1.0" encoding="utf-8" standalone="yes" ?>
	<Window>
	<!-- 企业版和个人版的聊天窗口输入框和显示框部分是一样的， 所以放在一个文件中来，避免两个文件中都写一遍-->
				<VerticalLayout  >
						<HorizontalLayout height="30" inset="6,0,0,0">
							<Label name="saftytips"  showhtml="true" text="{i saftytips.png}{/i}<c #7983c0>彩虹绝对不会以消息的方式通知用户中奖</c>" />
						</HorizontalLayout >
						<HorizontalLayout>
							<VerticalLayout>
								<RichEdit   showhtml="true" name="view_richedit" padding="4,4,2,4" multiline="true" vscrollbar="true" autovscroll="true" rich="true" readonly="true" />
							</VerticalLayout>
							<VerticalLayout width="5" >
								<HorizontalLayout />
								<HorizontalLayout height="200">
										<Button name="viewctrlbtn" bkimage="file='rightviewbtn.png'" 
											normalimage="file='rightviewbtn.png'"
											hotimage="file='rightviewshowbtn.png'"
											tooltip=""/><!--应该是rightview-->
								</HorizontalLayout>
							</VerticalLayout>
						</HorizontalLayout>
						<HorizontalLayout name="fontbar" bkcolor="#FFB9E4FF" visible="false" height="30" inset="4,4,4,4">
							<Combo name="cmb_font_name" droptype="droplist" width="100" height="22" textpadding="4,1,1,1"  normalimage="file='combo.png' source='0,0,100,22' corner='2,2,20,2'" hotimage="file='combo.png' source='0,22,100,44' corner='2,2,22,2'" pushedimage="file='combo.png' source='0,44,100,66' corner='2,2,22,2'">
								  <ListLabelElement text="方正舒体" padding="4,0,0,0" height="22"/>
									<ListLabelElement text="方正姚体" padding="4,0,0,0" height="22" />
									<ListLabelElement text="仿宋_GB2312" padding="4,0,0,0" height="22" />
									<ListLabelElement text="黑体" padding="4,0,0,0" height="22" />
									<ListLabelElement text="华文彩云" padding="4,0,0,0" height="22" />
									<ListLabelElement text="华文仿宋" padding="4,0,0,0" height="22" />
									<ListLabelElement text="华文琥珀" padding="4,0,0,0" height="22" />
									<ListLabelElement text="华文楷体" padding="4,0,0,0" height="22" />
									<ListLabelElement text="华文隶书" padding="4,0,0,0" height="22" />
									<ListLabelElement text="华文宋体" padding="4,0,0,0" height="22" />
									<ListLabelElement text="华文细黑" padding="4,0,0,0" height="22" />
									<ListLabelElement text="华文新魏" padding="4,0,0,0" height="22" />
									<ListLabelElement text="华文行楷" padding="4,0,0,0" height="22" />
									<ListLabelElement text="华文中宋" padding="4,0,0,0" height="22" />
									<ListLabelElement text="楷体_GB2312" padding="4,0,0,0" height="22" />
									<ListLabelElement text="隶书" padding="4,0,0,0" height="22" />
									<ListLabelElement text="宋体" selected="true" padding="4,0,0,0" height="22" />
									<ListLabelElement text="宋体方正超大" padding="4,0,0,0" height="22" />
									<ListLabelElement text="微软雅黑" padding="4,0,0,0" height="22" />
									<ListLabelElement text="新宋体" padding="4,0,0,0" height="22" />
									<ListLabelElement text="幼圆" padding="4,0,0,0" height="22" />
							</Combo>
							<Combo name="cmb_font_size" droptype="droplist" width="50" height="22" textpadding="4,1,1,1" normalimage="file='combo.png' source='0,0,100,22' corner='2,2,20,2'" hotimage="file='combo.png' source='0,22,100,44' corner='2,2,22,2'" pushedimage="file='combo.png' source='0,44,100,66' corner='2,2,22,2'">
								<ListLabelElement text="8" height="22" />
								<ListLabelElement text="9" selected="true" height="22" />
								<ListLabelElement text="10" height="22" />
								<ListLabelElement text="11" height="22" />
								<ListLabelElement text="12" height="22" />
								<ListLabelElement text="13" height="22" />
								<ListLabelElement text="14" height="22" />
								<ListLabelElement text="15" height="22" />
								<ListLabelElement text="16" height="22" />
								<ListLabelElement text="17" height="22" />
								<ListLabelElement text="18" height="22" />
								<ListLabelElement text="19" height="22" />
								<ListLabelElement text="20" height="22" />
								<ListLabelElement text="21" height="22" />
									<ListLabelElement text="22" height="22" />
									<ListLabelElement text="24" height="22" />
								<ListLabelElement text="28" height="22" />
								<ListLabelElement text="32" height="22" />
							</Combo>
							<Control width="5"/>
							<Option showhtml="true" name="boldbtn" width="22" height="22" text="{i Bold.png}{/i}" hotimage="file='btn_hot.png' corner='2,3,2,2'" selectedimage="file='btn_push.png' corner='2,5,2,2'"  />
							<Control width="5"/>
							<Option showhtml="true" name="italicbtn" width="22" height="22" text="{i Italic.png}{/i}" hotimage="file='btn_hot.png' corner='2,3,2,2'" selectedimage="file='btn_push.png' corner='2,5,2,2'"  />
							<Control width="5"/>
							<Option showhtml="true" name="underlinebtn" width="22" height="22" text="{i underline.png}{/i}" hotimage="file='btn_hot.png' corner='2,3,2,2'" selectedimage="file='btn_push.png' corner='2,5,2,2'"  />
							<Control width="5"/>
							<Option showhtml="true" name="colorbtn" width="22" height="22" text="{i color.png}{/i}" hotimage="file='btn_hot.png' corner='2,3,2,2'" selectedimage="file='btn_push.png' corner='2,5,2,2'"  />
						</HorizontalLayout>
						<HorizontalLayout height="28" bkcolor="#FFB9E4FF"  inset="2,4,2,4" >
							<HorizontalLayout>
								<Option name="fontbtn" width="24" height="20" maxheight="20" maxwidth="24" bkimage="file='icon_font.png' dest='2,0,22,20'" hotimage="file='btn_hot.png' corner='2,3,2,2'" selectedimage="file='btn_push.png' corner='2,5,2,2'"  />
								<Control width="5"/>
								<Option name="emotionbtn" width="24" height="20" maxheight="20" maxwidth="24" bkimage="file='icon_face.png' dest='2,0,22,20'" hotimage="file='btn_hot.png' corner='2,3,2,2'" selectedimage="file='btn_push.png' corner='2,5,2,2'"  />
								<Control width="5"/>
								<Button name="voicechatbtn" width="24" height="20" maxheight="20" maxwidth="24" bkimage="file='icon_voicechat.png' dest='2,0,22,20'" hotimage="file='btn_hot.png' corner='2,3,2,2'" pushedimage="file='btn_push.png' corner='2,5,2,2'"  />
								<Control width="5"/>
								<!--<Button name="shockbtn" width="24" height="20" maxheight="20" maxwidth="24" bkimage="file='icon_shark.png' dest='2,0,22,20'" hotimage="file='btn_hot.png' corner='2,3,2,2'" pushedimage="file='btn_push.png' corner='2,5,2,2'"  />-->
								<!--<Control width="5"/>-->
								<Button name="imagebtn" width="24" height="20" maxheight="20" maxwidth="24" bkimage="file='icon_pic.png' dest='2,0,22,20'" hotimage="file='btn_hot.png' corner='2,3,2,2'" pushedimage="file='btn_push.png' corner='2,5,2,2'"  />
								<Control width="5"/>
								<Button name="screenshotsbtn" width="24" height="20" maxheight="20" maxwidth="24" bkimage="file='icon_screenshots.png' dest='2,1,20,19'" hotimage="file='btn_hot.png' corner='2,3,2,2'" pushedimage="file='btn_push.png' corner='2,5,2,2'"  />
								<Control width="5"/>
							</HorizontalLayout>
							<HorizontalLayout width="80">
								<Button name="msgrecordbtn" text="消息记录"   textpadding="25, 2,0,0" align="left" textcolor="#FF656766"
										bkimage="file='icon_msgrecord.png'  dest='2,0,22,20'" 
										hotimage="file='allbtn_over.png' corner='4,4,4,4' "
										pushedimage="file='allbtn_down.png' corner='4,4,4,4'" />
							</HorizontalLayout>
						</HorizontalLayout>
						<!-- 个人跟商家的应该保持统一<HorizontalLayout  height="100" bkcolor="FFB9E4FF" bkimage="file='chat_bg.png'  corner='4,4,4,4'"> -->
						<HorizontalLayout  height="100">
						   <RichEdit name="input_richedit" multiline="true"  padding="4,4,2,4" vscrollbar="true" autovscroll="true" enabled="true" rich="false" readonly="false" wantreturn="true" wantctrlreturn="false" />
					    </HorizontalLayout>
                 </VerticalLayout>	
	</Window>
            