
<Window>
  <ListContainerElement>
    <VerticalLayout>
      <VerticalLayout height="50" inset="5, 0,0 ,0">
        <HorizontalLayout>
          <VerticalLayout name="logo_container" width="50" inset="0,5,0,5">
            <Button name="logo" bkimage="bigpersonbtn.png" width="40" mouse="true" height="40" borderround="3,3" />
          </VerticalLayout>
          <VerticalLayout inset="0,5,0,5" >
           
              <Label name="nickname"  bordersize="0" width="120" textcolor="#FF000000" height= "20" endellipsis="true" disabledtextcolor="#FF808080" />
              <Label name="description" bordersize="0" textcolor="#FF808080" endellipsis="true"  tooltip="" height= "20"/>
            
          </VerticalLayout>
        </HorizontalLayout>
      </VerticalLayout>
      <VerticalLayout name="operation" height="18" visible="false">
        <HorizontalLayout width="72" padding="40, 0, 0, 0">
          <Button bkimage="file='friend_circle.png' mask='0xffffffff'" 
						textcolor="#FF000000" disabledtextcolor="#FFA7A6AA" 
						align="center" normalimage="file='friend_circle.png' mask='0xffffffff'"
						hotimage="file='allbtn_over.png' corner='2,2,2,2' mask='0xffffffff'"
						pushedimage="file='allbtn_down.png' corner='2,2,2,2'  mask='0xffffffff'" />
          <Button bkimage="file='mail.png' mask='0xffffffff'" textcolor="#FF000000" disabledtextcolor="#FFA7A6AA" align="center" normalimage="file='mail.png' mask='0xffffffff'" hotimage="file='allbtn_over.png' corner='2,2,2,2' mask='0xffffffff'" pushedimage="file='allbtn_down.png' corner='2,2,2,2'  mask='0xffffffff'" />
          <Button bkimage="file='MainPanelServiceBarExt_XiaoYou.png' mask='0xffffffff'" textcolor="#FF000000" disabledtextcolor="#FFA7A6AA" align="center" normalimage="file='MainPanelServiceBarExt_XiaoYou.png' mask='0xffffffff'" hotimage="file='allbtn_over.png' mask='0xffffffff'" pushedimage="file='allbtn_down.png' mask='0xffffffff'" />
          <Button bkimage="file='soso.png' mask='0xffffffff'" textcolor="#FF000000" disabledtextcolor="#FFA7A6AA" align="center" normalimage="file='soso.png' mask='0xffffffff'" hotimage="file='allbtn_over.png' corner='2,2,2,2' mask='0xffffffff'" pushedimage="file='allbtn_down.png' corner='2,2,2,2'  mask='0xffffffff'" />
        </HorizontalLayout>
      </VerticalLayout >
    </VerticalLayout>
  </ListContainerElement>
</Window>