<?xml version="1.0" encoding="utf-8" standalone="yes" ?>
<Window size="242,119" roundcorner="3,3,3,3" >
	<Font name="微软雅黑" size="12" bold="false"  default="true" />
    <HorizontalLayout name="bg"  bkimage="file='friendinfo.png'" width="242" height="119" borderround="3,3" >
		<HorizontalLayout name="border" bkimage="file='freindinfoborder.png' corner='4,4,4,4'">
		  <Control name="friendhead"  float="true" pos="10,10,0,0" width="60"  height="60" bkimage="file='defaultuserHead.png'"  />
		  <Label name="friendname" showhtml="true" float="true" pos="80,10, 0,0"   width="162" height="22" text="<c #333333>穆凤香</c><c #666666>（人事专员）</c>" />
  		  <Label name="group"   float="true" pos="80, 32, 0, 0" width="162" height="22" text="人事行政部"  textcolor="#FF666666" />
		  <Label name="mail"  float="true" pos="80,54, 0,0" width="162" height="22" text="1004462060@qq.com" textcolor="#FF666666" />
		  <Label name="mobile" float="true" pos="80, 76,0,0" width="162" height="22" text="18650019407"  textcolor="#FF666666" />
		  <Button name="detail" float="true" pos="182,92, 0,0" width="50" height="24" text="详细资料"  textcolor="FF15486e"
							hottextcolor="#FF0C7AB9"
							pushedtextcolor="#FF0C7AB9"/>
		</HorizontalLayout>
	</HorizontalLayout>
</Window>
