<?xml version="1.0" encoding="utf-8" standalone="yes" ?>
<Window size="353,210"  roundcorner="5,5,5,5" caption="0,0,0,-1">
	<Font name="微软雅黑" size="12" bold="false"  default="true" />
	<Font name="宋体" size="12" bold="false"  	/>
	 <Default name="VScrollBar" value="width=&quot;9&quot; button1normalimage=&quot;file='scrollbar1.png' source='0,0,9,9'&quot; button1hotimage=&quot;file='scrollbar1.png' source='9,0,18,9'&quot; button1pushedimage=&quot;file='scrollbar1.png' source='18,0,27,9'&quot; button2normalimage=&quot;file='scrollbar1.png' source='0,27,9,36'&quot; button2hotimage=&quot;file='scrollbar1.png' source='9,27,18,36'&quot; button2pushedimage=&quot;file='scrollbar1.png' source='18,27,27,36'&quot; thumbnormalimage=&quot;file='scrollbar1.png' source='0,36,9,62' corner='0,4,0,4'&quot; thumbhotimage=&quot;file='scrollbar1.png' source='9,36,18,62' corner='0,4,0,4'&quot; thumbpushedimage=&quot;file='scrollbar1.png' source='18,36,27,62' corner='0,4,0,4'&quot; bknormalimage=&quot;file='scrollbar1.png' source='0,9,9,27'&quot;" />
    <HorizontalLayout name="bkgroud"  bkimage="file='bg.png' corner='590,290,1,1'">
        <VerticalLayout name="bkBodrer"  bkimage="file='border.png' corner='5,5,5,5'">
			<VerticalLayout visible="true">
				<VerticalLayout height="36">
						<HorizontalLayout height="26">
							<Control name="imlogo" float="true" pos="9,4,0,0" width="24" height="22" bkimage="file='logo.png'"/>
							<Button name="minbtn" float="true" pos="288,1,0,0" width="29" height="16" maxheight="16" maxwidth="16"  
											normalimage="file='minbtn1.png'"
											hotimage="file='minbtn2.png'"
											pushedimage="file='minbtn3.png'"  />
							<Button name="closebtn"  float="true" pos="317,1, 0, 0" width="36" height="16" maxheight="16" maxwidth="16" 
											normalimage="file='closebtn1.png'" 
											hotimage="file='closebtn2.png'"
											pushedimage="file='closebtn3.png'"  />
						</HorizontalLayout>
						<HorizontalLayout height="20" />
				</VerticalLayout>
				<VerticalLayout  padding="0, 20, 0, 0" name="loginview" visible="true">
					<HorizontalLayout name="wwww">
						<!--当前选择的任务的头像-->
						<HorizontalLayout float="true" pos="31,0,0,0"  width="89" height="92" bkimage="file='loginpersonside.png'">
						<HorizontalLayout name="loginpersonimg" float="true" pos="2,2,0,0" width="85" height="85" bkimage="file='defaultuserHead.png'">
							<Button name="userstatusbtn" float="true"  pos="70,70,0,0" width="15" height="15" 
									bkimage="file='icon_status1.png' dest='2,2,13,13'"
									hotimage="file='allbtn_over.png' corner='4,4,4,4'"
									pushedimage="file='allbtn_down.png' corner='4,4,4,4'" />
						</HorizontalLayout>
					</HorizontalLayout>
						<!--用户账号输入-->
						<HorizontalLayout name="accoutinputcontainer" float="true"  pos="131, 0,0,0"  width="190" height="26" bkimage="file='accountcombo1.png'" >
						<Control name="accountlogo" float="true" pos="4,5,0,0" width="16" height="16" bkimage="accountlogo.png" />
						<Combo name="accountcombo" float="true" pos="1,1,0,0" width="189" height="24"  textpadding="20" dropboxsize="0,1000" itemselectedbkcolor="#FF74bff4">
								<!--<ListLabelElement text="张三" selected="true" />
								<ListLabelElement text="李四" /> -->
						</Combo>
						<Control  float="true" pos="0,0,0,0" width="20" height="26" dropboxsize="100," />
						<Edit name="accountedit" float="true" pos="20,1,0, 0" width="150" height="24" />
					</HorizontalLayout>
						<!--
					<Combo name="accountcombo" float="true" pos="131,0,0,0" width="190" height="26"  
							>
						<ListLabelElement text="张三" selected="true" />
						<ListLabelElement text="李四" />
					</Combo>
					<Edit name="accountedit"  float="true" pos="132,1,0,0" width="170" height="24"  tooltip="请在这里输入您的账号"/>
					-->
					
						<Edit name="passwordedit" float="true"  pos="131,38,0,0" width="190" height="26" textpadding="24,0,2,0" password="true" font="1" atuohscroll="false"
						bkimage="file='passwordedit1.png'"
						  normalimage="file='passwordedit1.png'"
						  hotimage="file='passwordedit2.png'"
						  focusedimage="file='passwordedit3.png'" />
			
					
						<CheckBox text="记住密码" textpadding="8,1,0,0"  textcolor="#FF15486e" float="true" pos="131,73,0,0" width="70"  height="15"
							 normalimage="file='checkbox1.png' dest='0,1,12,13'"
							 selectedimage="file='checkbox2.png' dest='0,1,12,13'"/>
						<CheckBox text="自动登录"  textpadding="8,1,0,0" textcolor="#FF15486e" float="true" pos="255,74,0,0" width="70" height="15"
								normalimage="file='checkbox1.png' dest='0,1,12,13'"
							 selectedimage="file='checkbox2.png' dest='0,1,12,13'"/>
						<Button name="forgetpswdbtn" text="忘记密码" float="true" pos="173,105,0,0" width="72" height="29" align="center" textcolor="FF15486e"
							hottextcolor="#FF0C7AB9"
							pushedtextcolor="#FF0C7AB9" /> 
						<Button name="loginbtn" text="登录" float="true" pos="249,105,0,0" width="72" height="29"  textcolor="#FF15486e"
							normalimage="file='login1.png'"
							hotimage="file='login2.png'"
							hotimage="file='login3.png'" />
					</HorizontalLayout>
			
				</VerticalLayout>
				
				<VerticalLayout name="Loggingview" visible="false">
		

						<HorizontalLayout height="89">
							<HorizontalLayout />
							<HorizontalLayout  width="89" height="92" bkimage="file='loginpersonside.png'">
							
									<Control name="loginpersonimg" float="true" pos="2,2,0,0" width="85" height="85" bkimage="file='defaultuserHead.png'" />
									<Button name="userstatusbtn_logging" float="true"  pos="72,72,0,0" width="15" height="15" bkimage="file='icon_status1.png' dest='2,2,13,13'"
											normalimage="file='icon_status1.png' dest='2,2,13,13' "
											hotimage="file='allbtn_over.png' corner='4,4,4,4'"
											pushedimage="file='allbtn_down.png' corner='4,4,4,4'" />
							</HorizontalLayout>
							<HorizontalLayout />
						</HorizontalLayout>
						<HorizontalLayout>
							<VerticalLayout>
								 <HorizontalLayout>
									<Label text="登录中..." align="center"/>
								 </HorizontalLayout>
								 <HorizontalLayout>
									<HorizontalLayout />
									<HorizontalLayout width="72">
										<VerticalLayout>
											<Button name="cancelbtn"  pos="0,0,0,0" text="取消"  align="center" width="72" height="29" normalimage="file='login1.png'"
													normalimage="file='logincancel1.png'"
													hotimage="file='logincancel2.png'"
													pushedimage="file='logincancel3.png'" />
										</VerticalLayout>
										
									</HorizontalLayout>
									<HorizontalLayout />
									
								 </HorizontalLayout>
							</VerticalLayout>
						</HorizontalLayout>
				</VerticalLayout>
				
			</VerticalLayout>
	  </VerticalLayout>
    </HorizontalLayout>
</Window>
