<?xml version="1.0" encoding="utf-8" standalone="yes" ?>
<Window size="279,621" sizebox="4,4,4,4" roundcorner="5,5,5,5" caption="0,0,0,32">
 <Font name="微软雅黑" size="12" bold="false" default="true" />
  <Font name="微软雅黑" size="12" bold="true"/>
  <Default name="VScrollBar" value="width=&quot;9&quot; button1normalimage=&quot;file='scrollbar1.png' source='0,0,9,9'&quot; button1hotimage=&quot;file='scrollbar1.png' source='9,0,18,9'&quot; button1pushedimage=&quot;file='scrollbar1.png' source='18,0,27,9'&quot; button2normalimage=&quot;file='scrollbar1.png' source='0,27,9,36'&quot; button2hotimage=&quot;file='scrollbar1.png' source='9,27,18,36'&quot; button2pushedimage=&quot;file='scrollbar1.png' source='18,27,27,36'&quot; thumbnormalimage=&quot;file='scrollbar1.png' source='0,36,9,62' corner='0,4,0,4'&quot; thumbhotimage=&quot;file='scrollbar1.png' source='9,36,18,62' corner='0,4,0,4'&quot; thumbpushedimage=&quot;file='scrollbar1.png' source='18,36,27,62' corner='0,4,0,4'&quot; bknormalimage=&quot;file='scrollbar1.png' source='0,9,9,27'&quot;" />
    <HorizontalLayout name="bkground"  bkimage="file='bg.png' corner='590,290,1,1'" hole="true">
        <VerticalLayout name="bkBoder" bkimage="file='border.png' corner='5,5,5,5'" >
				
				<HorizontalLayout height="31" >
					<VerticalLayout width="30">
						<Control name="Imlogo" float="true" pos="6,6,0,0"  width="24" height="22" bkimage="file='logo.png'" />
					</VerticalLayout>
					<VerticalLayout />
					<VerticalLayout padding="0,1,0,0" width="94">
						 <Button name="bkskinbtn" float="true" pos="0,0,0,0" width="29" height="16" maxheight="16" maxwidth="29"  
								normalimage="file='bkskinbtn1.png'" 
								hotimage="file='bkskinbtn2.png'"
								pushedimage="file='bkskinbtn3.png'"  />
						<Button name="minbtn" float="true" pos="29,0,0,0" width="29" height="16" maxheight="16" maxwidth="29"  
								normalimage="file='minbtn1.png'"
								hotimage="file='minbtn2.png'"
								pushedimage="file='minbtn3.png'"  />
						<Button name="closebtn"  float="true" pos="58, 0, 0, 0" width="36" height="16" maxheight="16" maxwidth="36" 
								normalimage="file='closebtn1.png'" 
								hotimage="file='closebtn2.png'"
								pushedimage="file='closebtn3.png'"  />
					</VerticalLayout>
            </HorizontalLayout>
				
			<VerticalLayout inset="6,0,6,0">	
				<HorizontalLayout height="2"/>
				<HorizontalLayout height="73"  >
					<VerticalLayout width="66" >
						<!-- bkimage="file='bigpersonBorder1.png'"-->
						<Button name="bigpersonbtn"  float="true" pos="0,0, 0, 0"  width="66" height="67"
								bkimage="file='defaultuserHead.png' dest='2,2,62,62'"
									hotimage="file='allbtn_over.png' corner='2,2,2,2' dest='0,0,64,64'"
									pushedimage="file='allbtn_down.png' corner='2,2,2,2' dest='0,0,64,64'" />							
								<!--normalimage="file='bigpersonBorder1.png'"/ -->
					</VerticalLayout >
					<VerticalLayout padding="10, 2 ,0, 0">
						<HorizontalLayout height="21">
							 <Text name="nicknametext"text="just_bg" textcolor="#FF0F0F0F" font="1" />
							 <Button name="userstatusbtn" text="[在线]" width="60" align="left" textpadding="1,0,0,0" padding="5,0,0,0" 
								bkimage="file='icon_status1.png' dest='36,4,47,15'"
								hotimage="file='allbtn_over.png' corner='4,4,4,4'"
								pushedimage="file='allbtn_down.png' corner='4,4,4,4'"
								textcolor="#FF344D6C"/>
						</HorizontalLayout>
						<HorizontalLayout height="22">
							<HorizontalLayout  height="22">
								 <Button name="signaturetip" height="22" textpadding="2,2,0,0" textcolor="#FF000000" 
									text="编辑个性签名"  textcolor="#FF344D6C" align="left" 
									hotimage="file='overbtnborder.png' corner='2,8,2,2'" />
							</HorizontalLayout>
							<HorizontalLayout  height="22"  visible="false">
							<!-- <RichEdit name="signature" inset="4,2,2,2" bordercolor="#FFCCCCCC" autohscroll="true" bordersize="1" visible="false" bkcolor="#FFFFFFFF" height="22" text="编辑个性签名" multiline="false" rich="false"/> -->
								<Edit name="signature" inset="4,2,2,2" bordercolor="#FFCCCCCC" autohscroll="false" bordersize="1" visible="true" bkcolor="#FFFFFFFF" height="22" text="编辑个性签名" />
							</HorizontalLayout>
						
						</HorizontalLayout>
						<HorizontalLayout padding="0, 1,0,0">
							<Button name="app_icon1"  float="true" pos="0,0,0,0" hole="true"
									width="20" height="20"
									bkimage="file='app_icon1.png'"
									normalimage="file='app_icon1.png'"
									hotimage="file='allbtn_over.png'"
									pushedimage="file='allbtn_down.png'" 
									/>
							<Button name="app_icon2"  float="true" pos="27,0,0,0" mask="#FF0000FF" hole="true"
									width="20" height="20"
									bkimage="file='app_icon2.png'"
									normalimage="file='app_icon2.png'"
									hotimage="file='allbtn_over.png'"
									pushedimage="file='allbtn_down.png'" 
									/>
							<Button name="app_icon3"  float="true" pos="53,0,0,0" mask="#FF0000FF" hole="true"
									width="20" height="20"
									bkimage="file='app_icon3.png'"
									normalimage="file='app_icon3.png'"
									hotimage="file='allbtn_over.png'"
									pushedimage="file='allbtn_down.png'" 
									/>
							<Button name="app_icon4"  float="true" pos="79,0,0,0" mask="#FF0000FF" hole="true"
									width="20" height="20"
									bkimage="file='app_icon4.png'"
									normalimage="file='app_icon4.png'"
									hotimage="file='allbtn_over.png'"
									pushedimage="file='allbtn_down.png'"
									/>
							<Button name="app_icon5"  float="true" pos="105,0,0,0" mask="#FF0000FF" hole="true"
									width="20" height="20"
									bkimage="file='app_icon5.png'"
									normalimage="file='app_icon5.png'"
									hotimage="file='allbtn_over.png'"
									pushedimage="file='allbtn_down.png'" 
									/>
						</HorizontalLayout>
					</VerticalLayout>
					<VerticalLayout width="30"  />
				</HorizontalLayout>
				<HorizontalLayout height="30" bkimage="file='searchbk.png' corner='2, 2, 2,2'" >
					<HorizontalLayout name="serchtipcontainer" height="30" visible="true">
						<Button name="searchtip" height="30" text="搜索联系人、讨论组、群和企业" textcolor="#FFC0C0C0" align="left" textpadding="2, 6,0,0" />
					</HorizontalLayout>
					<HorizontalLayout name="sercheditcontainer" height="30" inset="2,2,2,2" visible="false" >
						<Edit name="searchedit" text=""  visible="true" align="left"  atuohscroll="false" />
					</HorizontalLayout>
					<HorizontalLayout width="24">
						<Button name="searchbtn" showhtml="true" width="24" file="'search_btn.png.png' dest='4,6,20,23'" enabled="false" />
					</HorizontalLayout>
				</HorizontalLayout>
				
				<VerticalLayout name="sercchShowView" visible="false" inset="0,6,0,0">
					<SearchResultList header="hidden" itemshowhtml="false" text="无搜索信息" name="serchlist" menu="true" vscrollbar="true"  bkcolor="#FFFFFFFF">
					</SearchResultList>
				</VerticalLayout>
				<VerticalLayout name="mainview"  visible="true">
					<!--tab标签切换-->	
					<HorizontalLayout height="35" >
						<HorizontalLayout visible="false">
							<Option name="friendsoption" text="好友" selected="true" group="Imtab" textcolor="#FF000000" disabledtextcolor="#FFA7A6AA" align="center" />
							<Option name="recentoption" text="最近联系人" group="Imtab" textcolor="#FF000000" disabledtextcolor="#FFA7A6AA" align="center" />
							<Option name="appoption" text="应用" group="Imtab" textcolor="#FF000000" disabledtextcolor="#FFA7A6AA" align="center" />
						</HorizontalLayout>
						<HorizontalLayout name="friendlisthlayout">
							<HorizontalLayout />
							<HorizontalLayout name="friendlogo" width="16" bkimage="file='friendlist.png' dest='0,9,16,25'" >
								<Control name="friendsarrow" visible="true" bkimage="file='tabarrow.png' dest='4,31,11,35'"  />
							</HorizontalLayout>
							<HorizontalLayout />
							
						</HorizontalLayout>
						 
						<Control width="2" name="linecontrol1" bkimage="line.png"/>
						<HorizontalLayout name="recentcontactslistlayout">
						  <HorizontalLayout />
							<HorizontalLayout name="recentlogo" width="16" bkimage="file='recentcontactslist.png' dest='0,9,16,25'" >
								<Control name="recentarrow" visible="false" bkimage="file='tabarrow.png' dest='4,31,11,35'"  />
							</HorizontalLayout>
							<HorizontalLayout />
						</HorizontalLayout>
					 
						<Control width="2" name="linecontrol2" bkimage="line.png"/>
						<HorizontalLayout name="applayout">
							<HorizontalLayout />
							<HorizontalLayout name="applogo" width="16" bkimage="file='applist.png' dest='0,9,16,25'" >
								<Control name="apparrow" visible="false" bkimage="file='tabarrow.png' dest='4,31,11,35'"  />
							</HorizontalLayout>
							<HorizontalLayout />
							<!--<Option name="appoption" text="应用" group="Imtab" textcolor="#FF000000" disabledtextcolor="#FFA7A6AA" align="center" />-->
						</HorizontalLayout>
					</HorizontalLayout>
					
					<!--好友联系人列表， 最近联系人列表等-->
					<HorizontalLayout bkcolor="#FFFFFFFF">
					<!--好友群、分组等列表-->
                    <TabLayout  name="listtab">
                        <HorizontalLayout>
                            <FriendList header="hidden" itemshowhtml="true" name="friendlist" menu="true" vscrollbar="true" />
                        </HorizontalLayout>
                        <HorizontalLayout>
                            <RecentList header="hidden"  itemshowhtml="true" name="rencentlist" vscrollbar="true" bkcolor="#FFFFFFFF" />
                        </HorizontalLayout>
                        <HorizontalLayout>
                            <ApplicationList header="hidden"  itemshowhtml="true" name="applicationlist" vscrollbar="true" bkcolor="#FF00FFFF" />
                        </HorizontalLayout>
                    </TabLayout>
                </HorizontalLayout>
				</VerticalLayout>
			</VerticalLayout>
			<HorizontalLayout height="41">
			
				<HorizontalLayout>
				 <!--底端系统图标 -->
				 <!--
					<Button name="sysIcon1_btn"  float="true" pos="43,10,0,0" height="20" width="20"
							bkimage="file='sysIcon1_btn.png' dest='2,2,17,17'"
							normalimage="file='sysIcon1_btn.png' dest='2,2,17,17'"
							hotimage="file='allbtn_over.png' corner='4,4,4,4'"
							pushedimage="file='allbtn_down.png' corner='4,4,4,4'"/>
					<Button name="sysIcon2_btn" float="true" pos="100,10,0,0" height="20" width="20" 
							bkimage="file='sysIcon2_btn.png' dest='2,2,17,17'"
							normalimage="file='sysIcon2_btn.png' dest='2,2,17,17'"
							hotimage="file='allbtn_over.png' corner='4,4,4,4'"
							pushedimage="file='allbtn_down.png' corner='4,4,4,4'"/>
					<Button name="sysIcon3_btn" float="true" pos="157,10,0,0" height="20" width="20" 
							bkimage="file='sysIcon3_btn.png' dest='2,2,17,17'"
							normalimage="file='sysIcon3_btn.png' dest='2,2,17,17'"
							hotimage="file='allbtn_over.png' corner='4,4,4,4'"
							pushedimage="file='allbtn_down.png' corner='4,4,4,4'"/>
					<Button name="sysIcon4_btn" float="true" pos="214,10,0,0" height="20" width="20" 
							bkimage="file='sysIcon4_btn.png' dest='2,2,17,17'"
							normalimage="file='sysIcon4_btn.png' dest='2,2,17,17'"
							hotimage="file='allbtn_over.png' corner='4,4,4,4'"
							pushedimage="file='allbtn_down.png' corner='4,4,4,4'"/>
							-->
							
					<Button name="sysIcon1_btn"  float="true" pos="41,10,0,0" height="22" width="22"
							bkimage="file='sysIcon1_btn.png' dest='3,3,18,18'"
							normalimage="file='sysIcon1_btn.png' dest='3,3,18,18'"
							hotimage="file='allbtn_over.png' corner='4,4,4,4'"
							pushedimage="file='allbtn_down.png' corner='4,4,4,4'"/>
					<Button name="sysIcon2_btn" float="true" pos="99,10,0,0" height="22" width="22" 
							bkimage="file='sysIcon2_btn.png' dest='3,3,18,18'"
							normalimage="file='sysIcon2_btn.png' dest='3,3,18,18'"
							hotimage="file='allbtn_over.png' corner='4,4,4,4'"
							pushedimage="file='allbtn_down.png' corner='4,4,4,4'"/>
					<Button name="sysIcon3_btn" float="true" pos="157,10,0,0" height="22" width="22" 
							bkimage="file='sysIcon3_btn.png' dest='3,3,18,18'"
							normalimage="file='sysIcon3_btn.png' dest='3,3,18,18'"
							hotimage="file='allbtn_over.png' corner='4,4,4,4'"
							pushedimage="file='allbtn_down.png' corner='4,4,4,4'"/>
					<Button name="sysIcon4_btn" float="true" pos="215,10,0,0" height="22" width="22" 
							bkimage="file='sysIcon4_btn.png' dest='3,3,18,18'"
							normalimage="file='sysIcon4_btn.png' dest='3,3,18,18'"
							hotimage="file='allbtn_over.png' corner='4,4,4,4'"
							pushedimage="file='allbtn_down.png' corner='4,4,4,4'"/>
				</HorizontalLayout>
				<!--右下角的标志-->
				<VerticalLayout width="13" >
					<Control name="rightbottom" float="true" pos="0,28,0,0" width="11" height="11" bkimage="rightbottom.png"/>
				</VerticalLayout>
			</HorizontalLayout>
        </VerticalLayout>
    </HorizontalLayout>
</Window>
