<?xml version="1.0" encoding="utf-8"?>
<Window   > 
  <Font name="微软雅黑" size="12" bold="false" default="true" />
  <Font name="微软雅黑" size="12" bold="true"/>
  <!--<Default name="Menu" value="inset=&quot;2,2,2,2&quot; itemtextpadding=&quot;30,0,0,0&quot; bkimage=&quot;res='121' restype='png' corner='30,8,8,8'&quot; hole=&quot;false&quot;" />-->
<Default name="Menu" value="inset=&quot;2,2,2,2&quot; itemtextpadding=&quot;30,0,0,0&quot; bkimage=&quot;file='menubk.png' corner='30,4,4,4'&quot; hole=&quot;false&quot;  itembkimage=&quot;file='menuitem1.png'&quot; itemhotimage=&quot;file='menuitem2.png'&quot; itemselectedimage=&quot;file='menuitem2. png&quot;"  /> 
 <Menu    >
    <MenuElement   height="22"  text="发送即时消息   "  />
    <MenuElement   inset="30,0, 100,0" text ="查看资料   ">
    </MenuElement>
    <MenuElement text="消息记录   ">
    </MenuElement>
    <MenuElement text="备注姓名"></MenuElement>
    <MenuElement text="移动联系人到">
		<HorizontalLayout>
			<VerticalLayout >
				<VerticalLayout>
				</VerticalLayout>
			</VerticalLayout>
			<VerticalLayout width="20"bkimage="file='list_icon_a.png' dest='5,7,14,16'" >
        </VerticalLayout>
      </HorizontalLayout>
      <MenuElement text="我的好友" >
		
	  </MenuElement>
      <MenuElement text="企业好友" />
    </MenuElement>
    <MenuElement text="删除好友"/>
  </Menu>
</Window>