<?xml version="1.0" encoding="utf-8"?>
<Window bktrans="true" size="104,136" roundcorner="2,2,2,2">
 <Font name="微软雅黑" size="12" bold="false" default="true"/>
 <Font name="微软雅黑" size="12"/>
<VerticalLayout bkcolor="#FFFFFFFF" bordercolor="#FF979490" bordersize="1"  >
	<VerticalLayout inset="2,2,2,2" >
		
	<List header="hidden"   itemdisabledbkcolor="#20000000"  itembkimage="menuitem1.png" itemhotimage="menuitem2.png" itemselectedimage="menuitem2.png">
		<StatusMenuItem name="online" height="22" >
			<HorizontalLayout >
				<Control name="onlinelogo" pos="0,0,0,0" width="22" height="22"  bkimage="file='icon_status1.png' dest='6,6,17,17'"/>
				<Label  pos="22,0,0,0" width="72" height="22"  text="我在线上"   textpadding="10,0,0,0,0" mouse="false"/>
			</HorizontalLayout>
		
		</StatusMenuItem>
		<StatusMenuItem name="leave" height="22" >
			<HorizontalLayout>
				<Control name="leavelogo" pos="0,0,0,0"width="22" height="22"   bkimage="file='icon_status2.png' dest='6,6,17,17'"/>
				<Label pos="22,0,0,0"  width="78" height="22"  text="离开"  inset="6,0,0,0"  textpadding="10,0,0,0,0" mouse="false"/>
			</HorizontalLayout>
		</StatusMenuItem>
		<StatusMenuItem name="busy" height="22" >
			<HorizontalLayout height="22">
				<Control name="busylogo" pos="0,0,0,0"width="22" height="22"  bkimage="file='icon_status3.png' dest='6,6,17,17'"/>
				<Label pos="22,0,0,0"  width="78" height="22"  text="忙碌" textpadding="10,0,0,0,0" mouse="false"/>
			</HorizontalLayout>
		</StatusMenuItem>
		<StatusMenuItem name="undisturb" height="22">
			<HorizontalLayout>
				<Control name="undisturblogo" pos="0,0,0,0"width="22" height="22" bkimage="file='icon_status4.png' dest='6,6,17,17'"/>
				<Label pos="22,0,0,0"  width="78" height="22" text="请勿打扰" textpadding="10,0,0,0,0" mouse="false"/>
			</HorizontalLayout>
		</StatusMenuItem>
		<StatusMenuItem name="stealth" height="22" >
			<HorizontalLayout>
				<Control name="stealthlogo" pos="0,0,0,0"width="22" height="22" bkimage="file='icon_status5.png' dest='6,6,17,17'"/>
				<Label pos="22,0,0,0"  width="78" height="22"  text="隐身" textpadding="10,0,0,0,0" mouse="false"/>
			</HorizontalLayout>
		</StatusMenuItem>
		<StatusMenuItem name="offline" height="22" >
			<HorizontalLayout>
				<Control name="offlinelogo" pos="0,0,0,0"width="22" height="22"    bkimage="file='icon_status6.png' dest='6,6,17,17'"/>
				<Label pos="22,0,0,0"  width="78" height="22"  text="离线" textpadding="10,0,0,0,0" mouse="false"/>
			</HorizontalLayout>
		</StatusMenuItem>
	</List>

	</VerticalLayout>
</VerticalLayout>
</Window>