<?xml version="1.0" encoding="utf-8" standalone="yes" ?>
<Window  size="834,525" sizebox="4,4,4,4" roundcorner="5,5,5,5" caption="0,0,0,64">
  <Font name="微软雅黑" size="12" bold ="false" default="true" />
  <Font name="微软雅黑" size="9" bold="false"/>
  <Font name="微软雅黑" size="15" bold="true"/>
  <Default name="VScrollBar" value="width=&quot;9&quot; button1normalimage=&quot;file='scrollbar1.png' source='0,0,9,9'&quot; button1hotimage=&quot;file='scrollbar1.png' source='9,0,18,9'&quot; button1pushedimage=&quot;file='scrollbar1.png' source='18,0,27,9'&quot; button2normalimage=&quot;file='scrollbar1.png' source='0,27,9,36'&quot; button2hotimage=&quot;file='scrollbar1.png' source='9,27,18,36'&quot; button2pushedimage=&quot;file='scrollbar1.png' source='18,27,27,36'&quot; thumbnormalimage=&quot;file='scrollbar1.png' source='0,36,9,62' corner='0,4,0,4'&quot; thumbhotimage=&quot;file='scrollbar1.png' source='9,36,18,62' corner='0,4,0,4'&quot; thumbpushedimage=&quot;file='scrollbar1.png' source='18,36,27,62' corner='0,4,0,4'&quot; bknormalimage=&quot;file='scrollbar1.png' source='0,9,9,27'&quot;" />
    <HorizontalLayout name="bg" bkimage="file='bg.png' corner='590,290,1,1'" hole="true">
        <VerticalLayout name="border"   bkimage="file='border.png' corner='5,5,5,5'">
            <HorizontalLayout height="40" inset="7,0,0,0">
				<HorizontalLayout  width="200" >
					<Control name="Imlogo" float="true"  pos="0,7,0,0" width="24" height="22" bkimage="file='logo.png'" />
					<Label  name="title" text=" "  textpadding="0,7,0,0" float="true" pos="28,7,0,0" width="165" height="22" />
				</HorizontalLayout>
				<HorizontalLayout>
					<Label  name="chatto" text=" "  textpadding="11,2,0,0" />
				</HorizontalLayout>
				<HorizontalLayout width="207">
					<HorizontalLayout />
					<HorizontalLayout width="66">
						<Button name="minbtn" float="true" pos="0,0,0,0" width="29" height="16"  
								normalimage="file='minbtn1.png'"
								hotimage="file='minbtn2.png'"
								pushedimage="file='minbtn3.png'"  />
						<Button name="closebtn"  float="true" pos="29, 0, 0, 0" width="36" height="16"
								normalimage="file='closebtn1.png'" 
								hotimage="file='closebtn2.png'"
								pushedimage="file='closebtn3.png'"  />
					</HorizontalLayout>
				</HorizontalLayout>
			</HorizontalLayout>
            <HorizontalLayout inset ="7,0,7,9">
                <VerticalLayout width="200">
					<HorizontalLayout height="28" bkimage="file='searchbk.png' corner='2, 2, 2,2'" >
						<Button name="searchbtn" showhtml="true" width="24"  text="{i search_btn.png}{/i}" />
						<Button name="searchtip" height="28" text="查找好友" textcolor="#FFC0C0C0" align="left" textpadding="2, 6,0,0" />
						<RichEdit visible="false" name="searchedit" text="查找好朋友" inset="2, 6,0,0"  multiline="false" rich="true" />
					</HorizontalLayout>
					<HorizontalLayout height="10" />
					<VerticalLayout bkimage="file='searchbk.png' corner='4,4,4,4'">
						<HorizontalLayout>
                            <FriendList header="hidden"  name="friendlist" menu="true" inset="0,2,0,0" itemfont="1" itemalign="center" vscrollbar="true" />
						</HorizontalLayout>
						<HorizontalLayout height="48" bkimage="file='shopuserheaderbg.png' corner='4,4,4,4' dest='0,17,200,48'">
							<Container  float="true" pos="11,0,0,0" width="40" height="41" bkimage="file='touxiang.png' corner='5,5,5,5'">
								<Control name="userheadpic" float="true" pos="2,2,0,0" width="34" height="34"  bkimage="file='bigpersonbtn.png'" />
							</Container>
							<Button name="syssetbtn"   float="true"  pos="166, 22,0,0"   width="22" height="22"
								bkimage="file='sysIcon1_btn.png' dest='3,3,19,19'"
								hotimage="file='allbtn_over.png' corner='4,4,4,4'"
								pushedimage="file='allbtn_down.png' corner='4,4,4,4'" />
						</HorizontalLayout>
					</VerticalLayout>
				</VerticalLayout>
				<VerticalLayout width="6" />
                <VerticalLayout>
					<HorizontalLayout height="38">
						<Button name="voicechatbtn" float="true" pos="3,0,0,0" width="33" height="33"
							bkimage="file='voicechatbtn.png'"
							normalimage="file='voicechatbtn.png'"
							hotimage="file='allbtn_over.png' corner='4,4,4,4'"
							pushedimage="file='allbtn_down.png'  corner='4,4,4,4'" />
						<Button name="filetranslatebtn" float="true" pos="53,0,0,0" width="33" height="33"
							bkimage="file='filetranslatebtn.png' corner" 
							normalimage="file='filetranslatebtn.png'"
							hotimage="file='allbtn_over.png'  corner='4,4,4,4'"
							pushedimage="file='allbtn_down.png'  corner='4,4,4,4'" />
					</HorizontalLayout>
					<VerticalLayout bkimage="file='searchbk.png' corner='4,4,4,4'">
						<ChildLayout xmlfile="chatwindow.xml"  default="" type="xml" />
					</VerticalLayout>
					<HorizontalLayout height="31">
						<HorizontalLayout>
						</HorizontalLayout>
						<HorizontalLayout width="138">
							<Button name="closemsgbtn" text="关闭" float="true" pos="0,8,0,0" width="66" height="23"
								normalimage="file='chatboxbtn1.png' corner='4,4,4,4'"
								hotimage="file='chatboxbtn2.png' corner='4,4,4,4'"
								pushedimage="file='chatboxbtn3.png' corner='4,4,4,4'" />
							<Button name="sendmsgbtn" text="发送" float="true" pos="72,8,0,0" width="66" height="23"
								normalimage="file='chatboxbtn1.png' corner='4,4,4,4'"
								hotimage="file='chatboxbtn2.png' corner='4,4,4,4'"
								pushedimage="file='chatboxbtn3.png' corner='4,4,4,4'" />
						</HorizontalLayout>
					</HorizontalLayout>
				</VerticalLayout>
				
                <HorizontalLayout 	name="rightview" width="206" >
					<VerticalLayout width="6" />
					<VerticalLayout bkimage="file='searchbk.png' corner='4,4,4,4'">
						<HorizontalLayout  height="35" >
							<Option text="会员"  name="vipoption" float="true"  pos="0,3,0,0" width="100" height="32" group="true" font="2" 
								selected="true"
								hotimage="file='shopusertab2.png' corner='4,4,4,4'"
							normalimage="file='shopusertab1.png' corner='4,4,4,4'"
							textcolor="#FFFEFEFE"
							selectedtextcolor="#FF61B6EF" />
							<Option text="焦点" name="focusoption"  float="true"  pos="101,3,0,0" width="100" height="32" group="true"  font="2"
								hotimage="file='shopusertab2_.png' corner='4,4,4,4'"
							normalimage="file='shopusertab1_.png' corner='4,4,4,4'" 
								textcolor="#FFFEFEFE"
							selectedtextcolor="#FF61B6EF"	/>
						</HorizontalLayout>
						<HorizontalLayout> 
							<TabLayout name="tabview">
								<VerticalLayout name="vipinfoview" >
									<HorizontalLayout  height="110" inset="53, 10, 53, 0">
										<Control name="linkmanheadpic" bkimage="file='defaultuserHead.png'" />
									</HorizontalLayout>
									<HorizontalLayout inset="10,15,0,0">
										<RichEdit name="linkmanInfo_richedit"    showhtml="true" multiline="true" vscrollbar="true" autovscroll="true" rich="true" readonly="true"/>
									</HorizontalLayout>
								</VerticalLayout>
								<VerticalLayout name="focusview">
								
								</VerticalLayout>
							</TabLayout>
						</HorizontalLayout>
					</VerticalLayout>
				</HorizontalLayout>
					<HorizontalLayout name="msgrecordview" width="306"  visible="false"  >
						<VerticalLayout width="6" />
						<VerticalLayout bkimage="file='chat_bg.png' corner='4,4,4,4'" inset="3,3,3,3" >
							<!--<Container   bkcolor="#FFEFEFEF"  text="用户信息栏" >
								<Label text="消息记录栏" />
							</Container> -->
							<RichEdit name="msgrecord_richedit" showhtml="true"  padding="10,4,2,4" multiline="true" vscrollbar="true" autovscroll="true" rich="true" readonly="true" />
						</VerticalLayout>
					</HorizontalLayout>
				</HorizontalLayout>
        </VerticalLayout>
    </HorizontalLayout>
</Window>
