
<Window>
  <ListContainerElement>
      <VerticalLayout  inset="5, 0,0 ,0">
        <HorizontalLayout>
          <VerticalLayout name="logo_container" inset="4,4,0,0" width="37">
            <Button name="logo" width="29" mouse="true" height="29" />
          </VerticalLayout>
          <VerticalLayout  padding="5, 0,0 ,0" >
			 <HorizontalLayout />
			 <HorizontalLayout height="20">
				<Label name="nickname"  textpadding="0,3,0,0"  width="100" align="left" /> <!-- endellipsis="true" -->
			 </HorizontalLayout>
              
             <!-- <Label name="description" bordersize="0" textcolor="#FF808080" endellipsis="true"  tooltip="who's your daddy" height= "20"/> -->
            <HorizontalLayout />
          </VerticalLayout>
		  <VerticalLayout name="msgtipview" width="26" visible="false">
				<Label name="msgtip" float="true" pos="0,11, 0,0"  width="26" height="15" align="center" bkimage="file='msgnumtip.png'" textcolor="#FFFFFFFF"/>
		  </VerticalLayout>
        </HorizontalLayout>
      </VerticalLayout>
 
  </ListContainerElement>
</Window>