<?xml version="1.0" encoding="utf-8" standalone="yes" ?>
<Window size="515,367" roundcorner="5,5,5,5" caption="0,0,0,-1">
<Font name="微软雅黑" size="12" bold="false"  default="true" />
	<Font name="宋体" size="12" bold="false"  	/>
    <HorizontalLayout name="bg" width="515" height="367" name="bg" bkimage="file='bg.png' corner='590,290,1,1'">
        <VerticalLayout name="border" bkimage="file='border.png' corner='5,5,5,5'"  >
			<HorizontalLayout height="36" >
				<VerticalLayout width="30">
					<Control name="Imlogo" float="true" pos="6,6,0,0"  width="24" height="22" bkimage="file='logo.png'" />
				</VerticalLayout>
				<VerticalLayout inset="5,13,0,0">
					 <Label name="chatdlgtitle" text="系统设置" textcolor="#4676A7" font="2" />
				</VerticalLayout>
				<VerticalLayout padding="0,1,0,0" width="65">
						<Button name="minbtn" float="true" pos="0,0,0,0" width="29" height="16" maxheight="16" maxwidth="29"  
								normalimage="file='minbtn1.png'"
								hotimage="file='minbtn2.png'"
								pushedimage="file='minbtn3.png'"   />
						<Button name="closebtn"  float="true" pos="29, 0, 0, 0" width="36" height="16" maxheight="16" maxwidth="36" 
								normalimage="file='closebtn1.png'" 
								hotimage="file='closebtn2.png'"
								pushedimage="file='closebtn3.png'"/>
					</VerticalLayout>
			</HorizontalLayout>
			<HorizontalLayout bkcolor="#FFFFFFFF" padding="6,0,6,0">
				<VerticalLayout width="125" bkimage="file='syssetnavigation.png' corner='4,4,4,4'">
					<Option  name="normalsetoption" text="常规" align="center"  selected="true"  float="true" pos="0,0,0,0" width="125" height="28" 
							 group="true"
							 hotimage="file='normalsetbtn2.png'"
							 selectedimage="file='normalsetbtn3.png'"/>
					<Option name="upgradesetoption" text="升级" align="center"  float="true" pos="0,27,0,0" width="125" height="28" 
							group="true"
							hotimage="file='normalsetbtn2.png'"
							selectedimage="file='normalsetbtn3.png'" />
					<Option name="chatinfosetoption" text="聊天信息" align="center" float="true" pos="0,54,0,0" width="125" height="28" 
							group="true"
							hotimage="file='normalsetbtn2.png'"
							selectedimage="file='normalsetbtn3.png'" />
					<Option name="voicechatsetoption" text="语音设置" align="center" float="true" pos="0,81,0,0" width="125" height="28" 
							group="true"
							hotimage="file='normalsetbtn2.png'"
							selectedimage="file='normalsetbtn3.png'" />
					<Option name="filesetoption" text="文件记录" align="center" float="true" pos="0,109,0,0" width="125" height="28" 
							group="true"
							hotimage="file='normalsetbtn2.png'"
							selectedimage="file='normalsetbtn3.png'" />
					
				</VerticalLayout>
				<VerticalLayout>
					<TabLayout name="sysseytab">
						<VerticalLayout name="normalsetcontainer"  text="1">
							<VerticalLayout height="86">
								<Label  text="启动、登录和退出" float="true"  pos="15,8,0,0" height="15" width="100" />
								<CheckBox text="启动电脑时自动启动IM" textpadding="18,1,0,0"  align="left" textcolor="#FF656565" float="true" pos="15,33,0,0" width="150"  height="15"
										normalimage="file='checkbox1.png' dest='0,2,12,14'"
										selectedimage="file='checkbox2.png' dest='0,2,12,14'"/>
								<CheckBox text="退出时弹出确认窗口" textpadding="18,1,0,0"  align="left" textcolor="#FF656565" float="true" pos="15,56,0,0" width="150"  height="15"
										normalimage="file='checkbox1.png' dest='0,2,12,14'"
										selectedimage="file='checkbox2.png' dest='0,2,12,14'"/>
								<Control float="true"  pos="3,85,0,0" width="369" height="1"  bkimage="file='virtualhline.png' xtiled='true'"  />
							</VerticalLayout>
							<VerticalLayout height="92">
								<Label text="主界面" float="true" pos="15,12,0,0" width="100" height="15" />
								<CheckBox text="当界面停靠在桌面边有时自动隐藏" textpadding="18,1,0,0"  align="left" textcolor="#FF656565" float="true" pos="15,36,0,0" width="250"  height="15"
										normalimage="file='checkbox1.png' dest='0,2,12,14'"
										selectedimage="file='checkbox2.png' dest='0,2,12,14'"/>
								<CheckBox text="在任务栏显示界面按钮（重启IM后生效）" textpadding="18,1,0,0"  align="left" textcolor="#FF656565" float="true" pos="15,59,0,0" width="300"  height="15"
										normalimage="file='checkbox1.png' dest='0,2,12,14'"
										selectedimage="file='checkbox2.png' dest='0,2,12,14'"/>	
								<Control float="true"  pos="3,91,0,0" width="369" height="1"  bkimage="file='virtualhline.png' xtiled='true'"  />
							</VerticalLayout>
								
							<VerticalLayout>
								<Label text="不在提醒设置" float="true" pos="15,12,0,0" width="100" height="15" />
								<Label text="重置所有【不在提醒】设置" textcolor="#FF656565" float="true" pos="15,38,0,0" width="150" height="15" />
								<Button name="resetallbtn" text="重置"  align="center" textcolor="#FF656565" float="true" pos="180,34,0,0" height="23" width="58"
										normalimage="file='syssetbtn1.png' corner='4,4,4,4'"
										hotimage="file='syssetbtn2.png' corner='4,4,4,4'" 
										pushedimage="file='syssetbtn3.png' corner='4,4,4,4'" />
							</VerticalLayout>
						</VerticalLayout>
						<VerticalLayout name="upgradesetcontainer"  text="2">
							<Label text="选择升级模式" align="left" float="true" pos="15,8,0,0" width="100" height="15"  />
							<CheckBox text="自动升级模式" group="upgradeChoice" textpadding="18,1,0,0"  align="left" textcolor="#FF656565" float="true" pos="15,32,0,0" width="150"  height="15"
										normalimage="file='Radio1.png' dest='0,2,12,14'"
										selectedimage="file='Radio2.png' dest='0,2,12,14'"/>	
							<Label text="IM版本有更新时，自动完成更新程序的安装"  textpadding="18,1,0,0" float="true"  pos="15,55,0,0" width="250" height="15"  textcolor="#FF656565" />
							
							<CheckBox text="提示升级模式" group="upgradeChoice" textpadding="18,1,0,0"  align="left" textcolor="#FF656565" float="true" pos="15,80,0,0" width="150"  height="15"
										normalimage="file='Radio1.png' dest='0,2,12,14'"
										selectedimage="file='Radio2.png' dest='0,2,12,14'"/>
							<Label text="IM版本有更新时，提示我进行新版本安装"  textpadding="18,1,0,0"  textcolor="#FF656565" float="true" pos="15,103,0,0" width="250" height="15" />
							
							<Button name="updatenowbtn"  text="立刻更新" textcolor="#FF656565" float="true" pos="33,130, 0,0" width="68"  height="23"
										normalimage="file='syssetbtn1.png' corner='4,4,4,4'"
										hotimage="file='syssetbtn2.png' corner='4,4,4,4'" 
										pushedimage="file='syssetbtn3.png' corner='4,4,4,4'" />
						</VerticalLayout> 
						<VerticalLayout name="chatinfosetcontainer" text="3">
							<VerticalLayout height="87">
								<Label text="聊天窗口" float="true" pos="15,8,0,0" width="100" height="15" />
								<CheckBox text="多聊天窗口合并在一起"  textpadding="18,1,0,0"  align="left" textcolor="#FF656565" float="true" pos="15,32,0,0" width="150"  height="15"
										normalimage="file='checkbox1.png' dest='0,2,12,14'"
										selectedimage="file='checkbox2.png' dest='0,2,12,14'"/>	
								<CheckBox text="自动在聊天窗口显示最近的20条消息记录" align="left" textpadding="18,1,0,0" textcolor="#FF656565" float="true" pos="15,55,0,0" width="250"  height="15"
										normalimage="file='checkbox1.png' dest='0,2,12,14'"
										selectedimage="file='checkbox2.png' dest='0,2,12,14'" />
								<Control float="true"  pos="3,86,0,0" width="369" height="1"  bkimage="file='virtualhline.png' xtiled='true'"  />
							</VerticalLayout>
								
							<VerticalLayout>
								<Label text="消息设置" float="true" pos="15,8,0,0" width="100" height="15" />
								<CheckBox text="消息合并显示（短时间内连续发送的消息合并在一起）"  textpadding="18,1,0,0"  align="left" textcolor="#FF656565" float="true" pos="15,32,0,0" width="300"  height="15"
										normalimage="file='checkbox1.png' dest='0,2,12,14'"
										selectedimage="file='checkbox2.png' dest='0,2,12,14'"/>	
								<CheckBox text="不使用电脑5分钟后将我的状态变为离开" align="left" textpadding="18,1,0,0" textcolor="#FF656565" float="true" pos="15,55,0,0" width="250"  height="15"
										normalimage="file='checkbox1.png' dest='0,2,12,14'"
										selectedimage="file='checkbox2.png' dest='0,2,12,14'" />
							</VerticalLayout>
							
						</VerticalLayout>
						<VerticalLayout name="voicesetcontainer" text="4">
							<Label text="语音设置" align="left" float="true" pos="15,8,0,0"  width="100" height="15" />
							<Label text="检测麦克风是否可用，调整您的语音设置，使其达到最佳状态，" float="true" align="left" textcolor="#FF656565" float="true" pos="15,32,0,0" width="350"  height="15" />
							<Label text="使您语音通话流畅。" textcolor="#FF656565" align="left" float="true" pos="15,55,0,0"  width="150" height="15" />
						</VerticalLayout>
						<VerticalLayout name="filesetcontainer" text="5">
							<VerticalLayout height="167">
								<Label text="接收文件设置" align="left" float="true" pos="15,8,0,0" width="100" height="15" />
								<Edit text="c:\administrator\"  readonly="true" textcolor="#FF656565" float="true"  pos="15,32,0,0" width="278" height="26"  bkimage="file='inputbox.png' corner='4,4,4,4'" />
								<Button text="浏览..."  float="true" pos="303,33,0,0" height="24" width="66" normalimage="file='syssetbtn1.png' corner='4,4,4,4'"
										hotimage="file='syssetbtn2.png' corner='4,4,4,4'" 
										pushedimage="file='syssetbtn3.png' corner='4,4,4,4'" />
								<CheckBox text="接收的文件存在危险时提醒我" textpadding="18,1,0,0" align="left" textcolor="#FF656565" float="true" pos="15,66,0,0" width="200" height="15"
									normalimage="file='checkbox1.png' dest='0,2,12,14'"
										selectedimage="file='checkbox2.png' dest='0,2,12,14'" />
								<CheckBox text="接收的文件夹存在危险时提醒我" textpadding="18,1,0,0" align="left" textcolor="#FF656565" float="true" pos="15,89,0,0" width="200" height="15"
									normalimage="file='checkbox1.png' dest='0,2,12,14'"
										selectedimage="file='checkbox2.png' dest='0,2,12,14'" />
								<CheckBox text="保存未接收完的文件以便下次续传" textpadding="18,1,0,0" align="left" textcolor="#FF656565" float="true" pos="15,112,0,0" width="200" height="15"
									normalimage="file='checkbox1.png' dest='0,2,12,14'"
										selectedimage="file='checkbox2.png' dest='0,2,12,14'" />
								<Label text="安全设置："  textcolor="#FF656565" float="true" pos="15,137,0,0" width="55" height="15"/>
								<Container float="true" pos="73,135,0,0" width="121" height="20" bkimage="file='inputbox.png' corner='4,4,4,4'" >
								<Combo  textpadding="6,0,0,0" float="true" pos="0,0,0,0" width="121"  height="20"  bkimage="file=''">
									<ListLabelElement text="接收所有文件" selected="true"  height="20"/>
								</Combo>
							</Container>
								<Control float="true"  pos="3,166,0,0" width="369" height="1"  bkimage="file='virtualhline.png' xtiled='true'"  />
							</VerticalLayout>
							<VerticalLayout>
								<Label text="清理个人文件" align="left" float="true" pos="15,9,0,0" width="100" height="15" />
								<Label text="清理消息记录、图片等内容，以释放更多空间"    textcolor="#FF656565" align="left" float="true" pos="15,32,0,0" width="240" height="15" />
								<Button text="清理" float="true" pos="260,28,0,0" height="24" width="56" normalimage="file='syssetbtn1.png' corner='4,4,4,4'"
										hotimage="file='syssetbtn2.png' corner='4,4,4,4'" 
										pushedimage="file='syssetbtn3.png' corner='4,4,4,4'" />
								<CheckBox text="" textpadding="18,1,0,0" align="left" textcolor="#FF656565" float="true" pos="15,55,0,0" width="15" height="15"
									normalimage="file='checkbox1.png' dest='0,2,12,14'"
										selectedimage="file='checkbox2.png' dest='0,2,12,14'" />
								<Label text="个人目录大小超过"  align="left" textcolor="#FF656565" float="true" pos="33,55,0,0" width="96" height="15"  />
								<Edit float="true" pos="132,50,0,0" width="41" height="25" bkimage="file='inputbox.png' corner='4,4,4,4'"/>
								<Label text="MB时，提醒我清理" textcolor="#FF656565" align="left" float="true" pos="176,55,0,0" width="150" height="15" />
							</VerticalLayout>
						</VerticalLayout>
					</TabLayout>
				</VerticalLayout>
			</HorizontalLayout>
			<HorizontalLayout height="33"  padding="6,0,6,0">	
				<Button name="okbtn" text="确定" float="true" pos="365,5,0,0" width="66" height="23"
								normalimage="file='chatboxbtn1.png' corner='4,4,4,4'"
								hotimage="file='chatboxbtn2.png' corner='4,4,4,4'"
								pushedimage="file='chatboxbtn3.png' corner='4,4,4,4'" />
				<Button name="cancelbtn" text="取消" float="true" pos="437,5,0,0" width="66" height="23"
								normalimage="file='chatboxbtn1.png' corner='4,4,4,4'"
								hotimage="file='chatboxbtn2.png' corner='4,4,4,4'"
								pushedimage="file='chatboxbtn3.png' corner='4,4,4,4'" />
								
			</HorizontalLayout>
		</VerticalLayout>
    </HorizontalLayout>
</Window>
